<?xml version="1.0" encoding="UTF-8"?>
<configuration>

<appender name="STDOUT" class="ch.qos.logback.core.ConsoleAppender">
        <encoder>
            <pattern>%d{yyyy-MM-dd} %d{HH:mm:ss} %-5level %logger{36} - %msg%n</pattern>
        </encoder>
</appender>

<appender name="ROLL_FILE" class="ch.qos.logback.core.rolling.RollingFileAppender">
        
        <file>tmp/log.log</file>
        
        <rollingPolicy class="ch.qos.logback.core.rolling.TimeBasedRollingPolicy">
        	<fileNamePattern>tmp/app.%d{yyyy-MM-dd_HH-mm}.log</fileNamePattern>
        	<maxHistory>7</maxHistory>    
        </rollingPolicy>
        
        <encoder>
            <pattern>%d{HH:mm:ss.SSS} %-5level %logger{36} - %msg%n</pattern>
            <outputPatternAsHeader>false</outputPatternAsHeader>
        </encoder>
</appender>


	<root level="info">
		<appender-ref ref="ROLL_FILE"/> 
	</root>
	
	<logger name="com.nttdatatraining.main">
		<appender-ref ref="STDOUT" />
	</logger>

<!-- 
<appender name="FILEAPPENDER" class="ch.qos.logback.core.FileAppender">
		<file>temp/application.log</file>
		<append>true</append>
		<immediateFlush>true</immediateFlush>
		<encoder>
			<pattern>%d{HH:mm:ss} %-5level %logger{36} - %msg%n</pattern>
		</encoder>
	</appender>
 -->	
</configuration>